source,target
AbelDennis,AbramsChad
AbelDennis,AbramsDavid
AbelDennis,AbramsDon
AbramsChad,AbramsRichard
AbramsChad,AdamsCurtis
AbramsChad,AdamsMartha
AbramsChad,AdamsReggie
AbramsChad,AlexanderDevon
AbramsChad,AlexanderNolan
AbramsChad,AlexanderTrina
AbramsChad,AlleynCamilla
AbramsChad,AlleynCarolyn
AbramsChad,AlleynDylan
AbramsChad,AmadaDaron
AbramsChad,AmanaRalph
AbramsChad,AndersonMitch
AbramsChad,AndersonWinston
AbramsChad,AndrewsAlice
AbramsChad,AndrewsHowie
AbramsChad,AndrewsJoan
AbramsChad,AndrewsSally
AbramsChad,AngellDiana
AbramsChad,ArcherThora
AbramsChad,Archer Jr.Dylan
AbramsChad,ArmandeBrian
AbramsDavid,ArmbrusterCassia
AbramsDon,ArcherThora
AbramsRichard,AndrewsAlice
AdamsCurtis,ArmstrongPearl
AdamsMartha,ArthurDean
AdamsReggie,AshRalph
AlexanderDevon,AsherJames
AlexanderNolan,AveryPhil
AlexanderNolan,AveryTerry
AlexanderNolan,BackusConner
AlexanderNolan,BaconFrancis
AlexanderNolan,BallMarvin
AlexanderNolan,BallMelvin
AlexanderNolan,Ball Lester
AlexanderNolan,BarkerCatherine
AlexanderTrina,AsherJames
AlleynCamilla,BarkerMarianne
AlleynCamilla,BarkerQuincy
AlleynCamilla,BarretScott
AlleynCarolyn,BarretScott
AlleynDylan,BarretScott
AmadaDaron,BarrettAntoine
AmanaRalph,BarronPhoebe
AndersonMitch,BarryKyle
AndersonMitch,BartelsAmy
AndersonMitch,BartonGermal
AndersonMitch,BatistaCharonne
AndersonMitch,BeckerIsabel
AndersonWinston,BeckerMax
AndrewsAlice,BeckerToby
AndrewsHowie,BeckerToby
AndrewsJoan,BecketAlice
AndrewsJoan,BenderCarlos
AndrewsSally,BenderChris
AngellDiana,BenderDarryl
ArcherThora,BendixJerryLee
Archer Jr.Dylan,BendixJerryLee
ArmandeBrian,BendixLaToya
ArmbrusterCassia,BendixMichelle
ArmstrongPearl,BendixSharon
ArthurDean,BensonAndrew
AshRalph,BensonLouis
AsherJames,BenthamIan
AveryPhil,BerberPhilippe
AveryTerry,AdamsReggie
AveryTerry,AlexanderNolan
BackusConner,BergDon
BaconFrancis,BerberPhilippe
BallMarvin,BergerRod
BallMelvin,BerginCollin
BallMelvin,BerkleyCallie
BallMelvin,BergerRod
BallMelvin,BernardoBill
BallMelvin,BevinsJoe
BallMelvin,BevinsJohn
BallMelvin,BilkoAlison
BallMelvin,BillingsleyTerry
Ball Lester,BillupsCarlton
BarkerCatherine,AndrewsSally
BarkerMarianne,BinderErrol
BarkerMarianne,BishopDaniel
BarkerQuincy,BixbyCarson
BarkerQuincy,BishopDaniel
BarretScott,AshRalph
BarrettAntoine,BlackDarriel
BarronPhoebe,BlackRicky
BarryKyle,BlackRuth
BarryKyle,BledsoeDonna
BartelsAmy,BlodgettFaith
BartelsAmy,BlodgettLucas
BartonGermal,BobbseyPenelope
BatistaCharonne,BolandLaura
BatistaCharonne,ArcherThora
BeckerIsabel,BookCharles
BeckerMax,BordersDylan
BeckerToby,BosticDan
BeckerToby,BowersCarl
BeckerToby,BowersSandra
BeckerToby,BowlesDiana
BeckerToby,BoydKatie
BeckerToby,BoyleAlice
BecketAlice,BoyleOwen
BenderCarlos,BradleyBill
BenderChris,BradleyCharlie
BenderChris,BrandTom
BenderChris,BrassManuel
BenderChris,BradleyBill
BenderDarryl,BlackRuth
BendixJerryLee,BridgesHilda
BendixJerryLee,BrillEzekial
BendixJerryLee,BrillKevin
BendixJerryLee,BrillPhilip
BendixJerryLee,BrinkleyDerrick
BendixJerryLee,BrownDimitri
BendixJerryLee,BackusConner
BendixJerryLee,BrownGladys
BendixJerryLee,BrownLeonard
BendixJerryLee,BrownMarvin
BendixJerryLee,BrownReggie
BendixJerryLee,BrowningCalder
BendixJerryLee,BrowningDarnell
BendixJerryLee,BryantCarol
BendixLaToya,BeckerMax
BendixLaToya,BrownGladys
BendixLaToya,BrowningCalder
BendixMichelle,BeckerMax
BendixMichelle,BrowningCalder
BendixSharon,BryantCarol
BensonAndrew,BryantMarcia
BensonLouis,BuffetteRachel
BenthamIan,BulgerSteven
BenthamIan,BulwerJames
BenthamIan,BurnleyAaron
BenthamIan,BurnsDarian
BenthamIan,BurnsMoira
BenthamIan,BergDon
BerberPhilippe,BuschAndrew
BergDon,ButlerKay
BergerRod,BynumWilbur
BerginCollin,BallMarvin
BerkleyCallie,AlleynCamilla
BerkleyCallie,AmadaDaron
BerkleyCallie,AmanaRalph
BerkleyCallie,AndrewsHowie
BernardoBill,ByrneKevin
BevinsJoe,BaconFrancis
BevinsJohn,BaconFrancis
BilkoAlison,BillupsCarlton
BillingsleyTerry,CallieSharon
BillupsCarlton,ArmstrongPearl
BillupsCarlton,BarrettAntoine
BinderErrol,CallowayKent
BinderErrol,CallieSharon
BinderErrol,CandyCarol
BinderErrol,CaneArlen
BinderErrol,BowlesDiana
BinderErrol,BoydKatie
BinderErrol,BryantCarol
BishopDaniel,CanelliTony
BixbyCarson,BradleyCharlie
BlackDarriel,BridgesHilda
BlackDarriel,CanfieldAristides
BlackRicky,CantwellFelecia
BlackRicky,CantwellSylvester
BlackRuth,CarlMax
BlackRuth,CarletonBonnie
BlackRuth,CarlsonCheryl
BlackRuth,CarlsonJames
BlackRuth,CarlsonSylvester
BlackRuth,CaronMolly
BledsoeDonna,BlackRicky
BlodgettFaith,BarkerCatherine
BlodgettLucas,CarpenterLonnie
BlodgettLucas,BarkerCatherine
BlodgettLucas,BendixLaToya
BobbseyPenelope,CarrVirginia
BolandLaura,CarrollMegan
BookCharles,CarrollTrudy
BordersDylan,CarsonBarbi
BosticDan,CarterCalvin
BosticDan,CarterFreddie
BosticDan,CarterRuby
BosticDan,CarusoMario
BowersCarl,CanelliTony
BowersCarl,CarverJason
BowersCarl,CarverJustin
BowersCarl,CaseyConor
BowersCarl,CaseyRobin
BowersCarl,CasperSheila
BowersCarl,BishopDaniel
BowersCarl,BillingsleyTerry
BowersSandra,CassonCarleton
BowersSandra,CarverJustin
BowersSandra,CaseyRobin
BowlesDiana,AndrewsHowie
BoydKatie,BartelsAmy
BoyleAlice,CavanaughCelia
BoyleOwen,AbramsDavid
BradleyBill,ChambersGina
BradleyCharlie,BradleyCharlie
BrandTom,BoyleAlice
BrassManuel,ArmstrongPearl
BrassManuel,BarrettAntoine
BridgesHilda,ChampionWes
BrillEzekial,ChandlerMonica
BrillKevin,ChandlerSusie
BrillPhilip,ChandlerSusie
BrillPhilip,BevinsJohn
BrinkleyDerrick,ChanningBoris
BrownDimitri,ChanningCarter
BrownGladys,CharlesShelley
BrownGladys,CheathamBarry
BrownLeonard,CheathamMaurice
BrownMarvin,ChildersBennett
BrownMarvin,BendixMichelle
BrownMarvin,ChanningCarter
BrownReggie,ClaggartMary
BrowningCalder,CliffordJim
BrowningCalder,CobbJanet
BrowningCalder,ColeArlene
BrowningCalder,ColeHarry
BrowningCalder,CollinsAdrienne
BrowningCalder,CollinsMartha
BrowningDarnell,ColeArlene
BryantCarol,CollinsRuben
BryantMarcia,CollinsRuben
BuffetteRachel,ColtraneCharles
BuffetteRachel,ComptonDennis
BuffetteRachel,BowlesDiana
BuffetteRachel,ComptonJack
BulgerSteven,BledsoeDonna
BulwerJames,ArmstrongPearl
BulwerJames,BradleyCharlie
BurnleyAaron,ConklinShelley
BurnleyAaron,ConorArthur
BurnleyAaron,ConrackCarol
BurnleyAaron,ConwaySamantha
BurnleyAaron,CooperAndrew
BurnleyAaron,CooperJeremiah
BurnleyAaron,CoreyAlonzo
BurnleyAaron,CorleyDanette
BurnleyAaron,CortezRamiro
BurnsDarian,BowersCarl
BurnsMoira,CottonBert
BurnsMoira,CottonJo
BuschAndrew,CourtBrendan
ButlerKay,CourtBrendan
ButlerKay,CourtlandGreg
BynumWilbur,CourtlandTeresa
ByrneKevin,BergerRod
CallieSharon,CoxJaimie
CallowayKent,CoxNathan
CandyCarol,CraigRoger
CaneArlen,CramerNancy
CanelliTony,CrandallNed
CanfieldAristides,CrawfordJim
CantwellFelecia,CullomRandall
CantwellFelecia,CullomRita
CantwellFelecia,CulpepperIris
CantwellFelecia,CulpepperWarren
CantwellFelecia,BryantCarol
CantwellFelecia,CurtisGlenda
CantwellSylvester,CullomRandall
CantwellSylvester,CurtisMyles
CantwellSylvester,CusackJill
CantwellSylvester,CutlerJeremy
CantwellSylvester,CourtlandTeresa
CarlMax,BallMarvin
CarletonBonnie,DaleMike
CarletonBonnie,CraigRoger
CarletonBonnie,DalyCarl
CarletonBonnie,DalyCelia
CarlsonCheryl,CottonBert
CarlsonJames,DalyTim
CarlsonSylvester,DalyTim
CaronMolly,DanielsJohn
CarpenterLonnie,DanielsRandy
CarrVirginia,DanversRandy
CarrollMegan,DavisAaron
CarrollTrudy,Ball Lester
CarsonBarbi,CharlesShelley
CarterCalvin,DeaconHubert
CarterFreddie,DeauvilleJean
CarterRuby,CarlMax
CarusoMario,DeckerLyle
CarverJason,BenthamIan
CarverJason,ChambersGina
CarverJustin,DeeBetty
CarverJustin,DeHavillandBurt
CarverJustin,DelaneyCarlotta
CarverJustin,BenthamIan
CarverJustin,ChambersGina
CarverJustin,DelaneyLaura
CarverJustin,DelaneyRoberta
CarverJustin,DemarcoWillie
CaseyConor,DerbyNeil
CaseyRobin,DerbyTammy
CasperSheila,ChampionWes
CassonCarleton,CoxJaimie
CavanaughCelia,ComptonJack
ChambersGina,DicksonCarter
ChambersGina,CraigRoger
ChambersGina,CarrollTrudy
ChampionWes,DicksonCatherine
ChandlerMonica,BarkerCatherine
ChandlerSusie,DimmittRay
ChandlerSusie,DinglePhilip
ChandlerSusie,DoranEllie
ChandlerSusie,CusackJill
ChandlerSusie,CutlerJeremy
ChanningBoris,BendixJerryLee
ChanningCarter,ChambersGina
CharlesShelley,DoranLatonya
CheathamBarry,BrillPhilip
CheathamBarry,DanversRandy
CheathamBarry,DouglasCollin
CheathamBarry,DrakeBurton
CheathamBarry,DukeAmelia
CheathamBarry,DukeMarshall
CheathamBarry,DunbarOwen
CheathamMaurice,DanversRandy
ChildersBennett,CaseyConor
ClaggartMary,DuncanOrrin
ClaggartMary,BarkerCatherine
CliffordJim,BordersDylan
CobbJanet,DuncanScott
ColeArlene,BryantMarcia
ColeHarry,BurnsDarian
CollinsAdrienne,DwyerBart
CollinsAdrienne,BarkerCatherine
CollinsMartha,DysonBert
CollinsRuben,EaganLowell
ColtraneCharles,ChildersBennett
ComptonDennis,BrinkleyDerrick
ComptonDennis,EarlChanda
ComptonJack,EasterlyAlan
ConklinShelley,EasterlyTyrone
ConorArthur,DimmittRay
ConorArthur,DinglePhilip
ConorArthur,EbersolShirley
ConorArthur,EdgarMillicent
ConrackCarol,DukeAmelia
ConwaySamantha,CavanaughCelia
CooperAndrew,BendixJerryLee
CooperJeremiah,BarrettAntoine
CoreyAlonzo,EdmondsHilda
CorleyDanette,ColeArlene
CortezRamiro,EdwardsKim
CottonBert,DelaneyLaura
CottonJo,EdwardsSeamus
CourtBrendan,DuncanScott
CourtBrendan,BillingsleyTerry
CourtlandGreg,BarrettAntoine
CourtlandTeresa,AndrewsSally
CoxJaimie,DelaneyRoberta
CoxNathan,ElderKerry
CraigRoger,ElliottRed
CramerNancy,EllisSedge
CramerNancy,ErckerBenton
CramerNancy,CanelliTony
CramerNancy,EvansJay
CramerNancy,FagenTiffany
CramerNancy,FarmerRicky
CrandallNed,BendixLaToya
CrawfordJim,FarthingRachel
CullomRandall,FaulkDavid
CullomRita,FaulkSteve
CulpepperIris,BensonAndrew
CulpepperWarren,BensonAndrew
CurtisGlenda,FaustMeg
CurtisMyles,DeeBetty
CusackJill,FeeneyBuzz
CusackJill,FensterOscar
CutlerJeremy,BillingsleyTerry
DaleMike,FergusJoe
DalyCarl,ElliottRed
DalyCarl,DerbyNeil
DalyCarl,CarsonBarbi
DalyCelia,FieldsJohn
DalyTim,FieldsWalter
DanielsJohn,BridgesHilda
DanielsRandy,DoranLatonya
DanversRandy,FilmoreDean
DavisAaron,ChandlerSusie
DeaconHubert,FindlayGary
DeauvilleJean,DoranLatonya
DeckerLyle,AlleynDylan
DeeBetty,EasterlyTyrone
DeHavillandBurt,FishburnKerry
DelaneyCarlotta,FitzDanny
DelaneyCarlotta,ArmbrusterCassia
DelaneyCarlotta,FlandersColeman
DelaneyCarlotta,FletcherTom
DelaneyCarlotta,FlowersSteve
DelaneyCarlotta,EasterlyTyrone
DelaneyCarlotta,FordEric
DelaneyLaura,FordJimmie
DelaneyRoberta,FlandersColeman
DelaneyRoberta,FordJimmie
DelaneyRoberta,FordEric
DemarcoWillie,ForesterCarol
DerbyNeil,FoxGillian
DerbyTammy,ChampionWes
DerbyTammy,FoxGillian
DerbyTammy,FraleyLee
DicksonCarter,ButlerKay
DicksonCarter,FranklinRegina
DicksonCarter,FranklinSid
DicksonCarter,FrasierCalvin
DicksonCarter,FrederichMax
DicksonCarter,FreemanIsaac
DicksonCarter,FremontLinda
DicksonCarter,FrostAlice
DicksonCarter,FurstJosh
DicksonCarter,GarnerMickey
DicksonCarter,GarnerStella
DicksonCarter,GarveyClive
DicksonCarter,GellarLindsay
DicksonCarter,GeorgeBuster
DicksonCarter,GeraldDidi
DicksonCarter,GibbonsToby
DicksonCarter,GibbsJulie
DicksonCatherine,GibsonShirley
DicksonCatherine,BlodgettFaith
DicksonCatherine,GibsonTed
DicksonCatherine,GideonMario
DimmittRay,GilliganErin
DinglePhilip,AdamsCurtis
DoranEllie,BarkerCatherine
DoranLatonya,AveryPhil
DoranLatonya,GilliganRandy
DoranLatonya,BarkerCatherine
DouglasCollin,GillisJohnson
DrakeBurton,GivensSherry
DukeAmelia,GlassRonnie
DukeMarshall,GleesonMatt
DunbarOwen,DoranLatonya
DuncanOrrin,GliddenDiana
DuncanScott,GliddenDiana
DwyerBart,BurnsDarian
DysonBert,BrassManuel
EaganLowell,BrassManuel
EarlChanda,GliddenHoppy
EasterlyAlan,GliddenMarcia
EasterlyTyrone,GliddenStan
EbersolShirley,BlackRicky
EdgarMillicent,GodfreyBrian
EdmondsHilda,GodfreyJudy
EdwardsKim,GodfreyRhonda
EdwardsKim,CarrollMegan
EdwardsKim,GodfreyTalia
EdwardsKim,GoodingTerrell
EdwardsKim,GeorgeBuster
EdwardsSeamus,ConklinShelley
EdwardsSeamus,GootschalkGinny
ElderKerry,ChandlerSusie
ElderKerry,BishopDaniel
ElliottRed,GorhamBilly
ElliottRed,GorhamStella
ElliottRed,GormleyAndy
EllisSedge,BuffetteRachel
ErckerBenton,GradyAlice
ErckerBenton,DuncanScott
EvansJay,GradyCarla
FagenTiffany,DalyTim
FagenTiffany,GradyHector
FarmerRicky,BarrettAntoine
FarthingRachel,GliddenHoppy
FaulkDavid,DoranLatonya
FaulkSteve,GradyRufus
FaulkSteve,GradySheryl
FaustMeg,FraleyLee
FeeneyBuzz,CarrollMegan
FensterOscar,ChildersBennett
FergusJoe,GraftonDon
FieldsJohn,GrantHarry
FieldsWalter,GrantJohn
FilmoreDean,ChambersGina
FindlayGary,GrantKaren
FishburnKerry,BulwerJames
FitzDanny,GreenByron
FlandersColeman,FitzDanny
FlandersColeman,GarveyClive
FletcherTom,GreenDora
FlowersSteve,GreenMason
FordEric,GreenWilliam
FordEric,GreenleafMaggie
FordJimmie,GregoryBrant
ForesterCarol,CarverJustin
ForesterCarol,EdgarMillicent
FoxGillian,DanielsRandy
FraleyLee,GrenwayDouglas
FranklinRegina,BartonGermal
FranklinSid,GreyCortez
FrasierCalvin,BartelsAmy
FrederichMax,BryantMarcia
FreemanIsaac,DoranLatonya
FremontLinda,GreyMinnie
FremontLinda,GleesonMatt
FremontLinda,GriggsOmar
FremontLinda,GummJean
FremontLinda,GummZelda
FremontLinda,GunnersonInga
FremontLinda,BartonGermal
FrostAlice,BradleyCharlie
FurstJosh,ColeHarry
GarnerMickey,GunnersonLyndon
GarnerStella,BerberPhilippe
GarveyClive,AveryTerry
GellarLindsay,GunnersonPaul
GellarLindsay,FarthingRachel
GeorgeBuster,BrillPhilip
GeorgeBuster,DukeMarshall
GeraldDidi,BallMarvin
GibbonsToby,ArcherThora
GibbsJulie,ArcherThora
GibsonShirley,GuntherMatt
GibsonTed,BallMarvin
GideonMario,DoranLatonya
GilliganErin,HallDavid
GilliganErin,GuntherMatt
GilliganErin,HallLiz
GilliganErin,HallNancy
GilliganErin,BlackDarriel
GilliganErin,BartelsAmy
GilliganErin,HallNorman
GilliganRandy,HalseyWalter
GillisJohnson,HamiltonCraig
GivensSherry,EvansJay
GivensSherry,FergusJoe
GlassRonnie,ConrackCarol
GleesonMatt,HamiltonJared
GliddenDiana,HamiltonJared
GliddenDiana,BrownReggie
GliddenHoppy,HamiltonJared
GliddenMarcia,AshRalph
GliddenMarcia,BlackDarriel
GliddenStan,ArmandeBrian
GodfreyBrian,FeeneyBuzz
GodfreyJudy,BeckerMax
GodfreyRhonda,BrownGladys
GodfreyRhonda,BrownReggie
GodfreyRhonda,BrowningCalder
GodfreyTalia,BlackRicky
GodfreyTalia,GradySheryl
GodfreyTalia,HamiltonTerrance
GodfreyTalia,AngellDiana
GoodingTerrell,GradyRufus
GoodingTerrell,AlleynDylan
GootschalkGinny,BarrettAntoine
GorhamBilly,CortezRamiro
GorhamStella,HarriganDustin
GormleyAndy,AndersonMitch
GradyAlice,HarriganKieran
GradyCarla,ChildersBennett
GradyHector,HarrisonAnnie
GradyRufus,CollinsRuben
GradyRufus,HarrisonRobert
GradySheryl,HarriganDustin
GraftonDon,HartJared
GraftonDon,HarteNicki
GrantHarry,BilkoAlison
GrantJohn,DemarcoWillie
GrantKaren,GillisJohnson
GreenByron,BlodgettLucas
GreenDora,AlexanderTrina
GreenMason,GodfreyBrian
GreenWilliam,GunnersonLyndon
GreenleafMaggie,HastingsLynette
GregoryBrant,GliddenStan
GrenwayDouglas,HawkeWillie
GreyCortez,BerkleyCallie
GreyCortez,BergerRod
GreyMinnie,ForesterCarol
GriggsOmar,BevinsJoe
GummJean,EvansJay
GummZelda,CarpenterLonnie
GunnersonInga,FieldsJohn
GunnersonInga,BarkerCatherine
GunnersonLyndon,BarkerCatherine
GunnersonPaul,HawkinsDavid
GunnersonPaul,HayesElla
GunnersonPaul,BurnsMoira
GunnersonPaul,HayesIris
GuntherMatt,EdmondsHilda
GuntherMatt,GreenWilliam
HallDavid,BarkerMarianne
HallDavid,CavanaughCelia
HallLiz,BarkerMarianne
HallLiz,HeathMark
HallLiz,GreenWilliam
HallLiz,HeinzGladys
HallLiz,HemphillBud
HallLiz,HemphillButch
HallLiz,BartelsAmy
HallLiz,HendersonGary
HallLiz,AbramsDon
HallNancy,BerkleyCallie
HallNorman,AlleynDylan
HallNorman,Archer Jr.Dylan
HalseyWalter,ChildersBennett
HamiltonCraig,ChildersBennett
HamiltonJared,HendersonSam
HamiltonTerrance,HendersonWillie
HarriganDustin,GliddenStan
HarriganDustin,BryantMarcia
HarriganDustin,HenleyDmitri
HarriganDustin,BarkerCatherine
HarriganKieran,HenleyThaddeus
HarriganKieran,HenryIsaac
HarriganKieran,GraftonDon
HarriganKieran,HenryJoseph
HarriganKieran,HerbertJason
HarrisonAnnie,HerbertSean
HarrisonAnnie,HeronJason
HarrisonAnnie,HamiltonCraig
HarrisonAnnie,HewittCarl
HarrisonRobert,BradleyCharlie
HartJared,BecketAlice
HarteNicki,BernardoBill
HastingsLynette,GideonMario
HawkeWillie,HillJim
HawkinsDavid,HiltonChris
HawkinsDavid,CantwellSylvester
HawkinsDavid,GreenMason
HawkinsDavid,HiltonMichael
HayesElla,HilyardWinston
HayesElla,GodfreyJudy
HayesElla,HoldenEric
HayesIris,HolleyBuster
HeathMark,HolmesMort
HeathMark,HoltEddie
HeinzGladys,ClaggartMary
HemphillBud,BlackRuth
HemphillBud,CoxJaimie
HemphillBud,HoltJuanita
HemphillBud,AlleynDylan
HemphillBud,BledsoeDonna
HemphillBud,AngellDiana
HemphillBud,HooperFrieda
HemphillBud,HopkinsBurton
HemphillBud,ClaggartMary
HemphillBud,HopkinsJody
HemphillBud,DanielsRandy
HemphillButch,FlowersSteve
HemphillButch,HopkinsSylvia
HendersonGary,DemarcoWillie
HendersonSam,FurstJosh
HendersonWillie,ArcherThora
HenleyDmitri,AlleynDylan
HenleyDmitri,AndrewsAlice
HenleyThaddeus,DicksonCarter
HenleyThaddeus,BurnleyAaron
HenleyThaddeus,GreenByron
HenryIsaac,BensonLouis
HenryIsaac,HoweMadelaine
HenryIsaac,BrowningDarnell
HenryJoseph,ChambersGina
HerbertJason,BarrettAntoine
HerbertJason,HowePhilip
HerbertSean,BallMarvin
HeronJason,FarthingRachel
HewittCarl,BosticDan
HillJim,DeckerLyle
HiltonChris,HoweRuth
HiltonChris,DeckerLyle
HiltonChris,HumphreyAlex
HiltonMichael,HumphreyCurtis
HiltonMichael,HumphreyJack
HilyardWinston,GodfreyBrian
HoldenEric,HurstLenny
HolleyBuster,AveryTerry
HolmesMort,GarveyClive
HoltEddie,BensonAndrew
HoltJuanita,BowersCarl
HooperFrieda,FitzDanny
HopkinsBurton,IbrahimIsaac
HopkinsJody,IlerWilliam
HopkinsSylvia,InvernessBen
HopkinsSylvia,BordersDylan
HopkinsSylvia,CharlesShelley
HopkinsSylvia,IrelandJacob
HopkinsSylvia,IvieByron
HopkinsSylvia,IvieCaldwell
HoweMadelaine,InvernessBen
HowePhilip,IrelandJacob
HoweRuth,BobbseyPenelope
HoweRuth,ChandlerMonica
HoweRuth,HarriganDustin
HoweRuth,ForesterCarol
HoweRuth,FishburnKerry
HoweRuth,HayesIris
HumphreyAlex,HilyardWinston
HumphreyCurtis,ChildersBennett
HumphreyJack,EarlChanda
HurstLenny,IvyRenata
IbrahimIsaac,CortezRamiro
IlerWilliam,JacksonBrendan
InvernessBen,DanielsRandy
IrelandJacob,FremontLinda
IrelandJacob,JamesMarla
IrelandJacob,JamesRicardo
IvieByron,JamesMarla
IvieCaldwell,JamesRussell
IvyRenata,JamesSara
JacksonBrendan,JamiesonLilly
JacksonBrendan,BoyleOwen
JacksonBrendan,JayRayquan
JacksonBrendan,CoxNathan
JacksonBrendan,BryantCarol
JamesMarla,ChampionWes
JamesMarla,JeffersonAlbert
JamesMarla,CoxNathan
JamesMarla,GunnersonLyndon
JamesRicardo,CarrollMegan
JamesRicardo,GodfreyTalia
JamesRussell,DuncanScott
JamesSara,BartelsAmy
JamesSara,JeffersonArnold
JamiesonLilly,ArcherThora
JayRayquan,JeffersonBarbi
JeffersonAlbert,JeffersonMillie
JeffersonArnold,JeffersonPolly
JeffersonArnold,JeffersonTara
JeffersonArnold,CraigRoger
JeffersonArnold,BenderDarryl
JeffersonArnold,CollinsRuben
JeffersonArnold,BeckerToby
JeffersonArnold,JenkinsJill
JeffersonArnold,BillupsCarlton
JeffersonArnold,JeffersonBarbi
JeffersonArnold,JeffersonMillie
JeffersonBarbi,JenkinsViolet
JeffersonBarbi,BenderDarryl
JeffersonBarbi,CollinsRuben
JeffersonBarbi,JohnsonDennis
JeffersonMillie,GrantKaren
JeffersonMillie,CraigRoger
JeffersonMillie,BynumWilbur
JeffersonPolly,BeckerToby
JeffersonTara,ChampionWes
JenkinsJill,BradleyCharlie
JenkinsViolet,JohnsonJack
JenkinsViolet,HillJim
JenkinsViolet,FrasierCalvin
JenkinsViolet,JohnstonJustin
JohnsonDennis,JonesEzekial
JohnsonDennis,JonesHarris
JohnsonDennis,JordanPeter
JohnsonJack,BrownGladys
JohnsonJack,BrownMarvin
JohnstonJustin,BradleyCharlie
JohnstonJustin,DerbyNeil
JohnstonJustin,JosephReggie
JohnstonJustin,JuddJulius
JohnstonJustin,HowePhilip
JohnstonJustin,JuddRoger
JonesEzekial,JulesCarter
JonesEzekial,HurstLenny
JonesEzekial,HalseyWalter
JonesEzekial,KaneNathan
JonesEzekial,HastingsLynette
JonesEzekial,GreenDora
JonesEzekial,KarstenBonnie
JonesHarris,JeffersonPolly
JonesHarris,JeffersonTara
JordanPeter,GideonMario
JosephReggie,BensonLouis
JuddJulius,BlackRuth
JuddJulius,CoxJaimie
JuddRoger,BarronPhoebe
JulesCarter,KarstenLinda
JulesCarter,KarstenMae
KaneNathan,KatzLuella
KarstenBonnie,KatzLuella
KarstenLinda,KatzLuella
KarstenMae,BlodgettFaith
KarstenMae,BartonGermal
KatzLuella,BarrettAntoine
KatzLuella,BradleyCharlie
KatzLuella,KeaneArthur
KatzLuella,KeatonKelly
KatzLuella,KellyGretchen
KatzLuella,KendrickJonathan
KatzLuella,DerbyNeil
KatzLuella,BendixSharon
KatzLuella,KendricksMarie
KatzLuella,JosephReggie
KatzLuella,BrandTom
KatzLuella,EaganLowell
KatzLuella,KennardVernon
KatzLuella,BryantCarol
KatzLuella,JuddRoger
KatzLuella,KenneyMarcus
KatzLuella,GrantJohn
KatzLuella,BradleyBill
KeaneArthur,JamesRicardo
KeatonKelly,GivensSherry
KellyGretchen,KentonMelba
KendrickJonathan,KetterPercy
KendricksMarie,KeysLinda
KennardVernon,FergusJoe
KenneyMarcus,AveryTerry
KentonMelba,BledsoeDonna
KetterPercy,KillianGeorge
KeysLinda,KillianMarcus
KeysLinda,BarkerCatherine
KillianGeorge,ChildersBennett
KillianMarcus,JeffersonBarbi
KillianMarcus,JeffersonMillie
KillianMary,BosticDan
KingMalcolm,FitzDanny
KingMalcolm,AlleynDylan
KingMalcolm,KenneyMarcus
KingstonRyan,CortezRamiro
KinnardJeff,KentonMelba
KinnardJeff,CourtlandGreg
KinneyDiane,KillianMary
KiplingRobert,DoranLatonya
KiplingerLisa,BlackRicky
KirbyGabrielle,BlackRicky
KirbyLaverne,BlackRicky
KirbyMonica,BradleyBill
KirklandNiles,EdmondsHilda
KirklandOwen,BradleyCharlie
KirklandOwen,AndrewsJoan
KirklandRudy,KingMalcolm
LaddClarence,BulwerJames
LakinQuincy,KingstonRyan
LakinQuincy,BurnsMoira
LakinQuincy,KinnardJeff
LaneBecky,KinneyDiane
LangdonAndrew,KinneyDiane
LangdonAndrew,IlerWilliam
LangdonCharles,KinneyDiane
LangdonDerrick,BerkleyCallie
LansburyRobert,CortezRamiro
LaramoreErin,KiplingRobert
LashlyHerb,BlackDarriel
LaurencePete,JohnstonJustin
LawrenceAmos,HurstLenny
LawrenceRobbie,BenthamIan
LeahyCelia,BenthamIan
LeahyDonal,BenthamIan
LeahyMick,FarthingRachel
LeeCrystal,BenderChris
LeeCrystal,GormleyAndy
LeeCrystal,EdwardsKim
LeeTwon,ArthurDean
LeighCrystal,BuffetteRachel
LinkMable,FishburnKerry
LiptonPaul,FagenTiffany
LiptonPaul,BarronPhoebe
LittleJake,AndrewsSally
LittleJessie,CraigRoger
LittleJessie,KiplingerLisa
LittleJessie,KirbyGabrielle
LivingstonMary,ChampionWes
LockePamela,KirbyLaverne
LockePamela,KirbyMonica
LockePamela,IbrahimIsaac
LockePamela,KirklandNiles
LockePamela,KirklandOwen
LockePamela,KirklandRudy
LockePamela,DerbyTammy
LockePamela,LaddClarence
LockePamela,BurnsMoira
LoftonJames,AlleynDylan
LondonBaxter,JenkinsViolet
LondonBaxter,JeffersonBarbi
LondonRay,ChampionWes
LongDanny,EdwardsSeamus
LordsWayne,ChildersBennett
LoweBrian,AshRalph
LowellConrad,HurstLenny
LowellConrad,FishburnKerry
LucasCalvin,KeysLinda
MaddenEric,HalseyWalter
MaddoxThelma,ChampionWes
MadisonDennis,LakinQuincy
MadisonSonny,ArthurDean
MageeGinny,ChampionWes
MaguireRaymond,KirbyMonica
MailerLucas,CramerNancy
MailerMary,LaneBecky
MailerMary,KenneyMarcus
MajorsLeslie,LaddClarence
ManchesterElla,LaddClarence
ManchesterMark,BeckerMax
MandanGrant,DeeBetty
ManheimMiller,AlleynCarolyn
MansonCortez,BuffetteRachel
MarcusBradley,LangdonAndrew
MarcusBradley,LangdonCharles
MarcusBradley,ArmstrongPearl
MarcusBradley,LangdonDerrick
MarcusBradley,BarrettAntoine
MarcusBradley,BradleyCharlie
MarcusBradley,HowePhilip
MarcusBradley,DeauvilleJean
MarcusBradley,GibbsJulie
MarionJoe,AlleynDylan
MarkessQueenie,AndrewsAlice
MarksLynette,LansburyRobert
MarshakDarrell,LaramoreErin
MarshakRuby,LashlyHerb
MarshakRuby,LaurencePete
MarshakRuby,LawrenceAmos
MarshakRuby,LaramoreErin
MarshakRuby,LansburyRobert
MarshakWayne,HarriganKieran
MartinAlan,BurnleyAaron
MartinGeorge,BurnsDarian
MartinJerry,BordersDylan
MartinezAngel,HemphillBud
MasonAmanda,HoweMadelaine
MasonWillis,HenleyDmitri
MastersHelen,KirbyGabrielle
MastersTom,BowlesDiana
MastersTom,ComptonJack
MayCharlie,LawrenceRobbie
MayCharlie,LeahyCelia
MayCharlie,DicksonCatherine
McCainMike,LeahyDonal
McCainMike,LeahyMick
McCannEddie,HoweRuth
McCannEddie,LeeCrystal
McCannEddie,LeeTwon
McCannEddie,LeighCrystal
McCannEddie,LinkMable
McCannEddie,BarryKyle
McCannEddie,BartelsAmy
McCannEddie,BatistaCharonne
McCannEddie,BeckerIsabel
McCannEddie,LiptonPaul
McCannEddie,GreenDora
McConnellPhyllis,LittleJake
McConnellPhyllis,LittleJessie
McConnellPhyllis,CaneArlen
McConnellPhyllis,GliddenMarcia
McLeodMatt,KeysLinda
MenardJack,BrassManuel
MerrickCarter,HiltonMichael
MichaelsHector,HenleyDmitri
MichaelsLisa,BallMarvin
MilburnJohn,LivingstonMary
MillerBradford,ChandlerSusie
MillerJeff,BillingsleyTerry
MillerMilo,GlassRonnie
MillerMilo,LinkMable
MillerTommy,BensonLouis
MillerWynton,DanielsRandy
Miller Reuben,BensonLouis
MinionMaggie,ArmandeBrian
MintonCorey,HiltonChris
MitchellGabrielle,KinneyDiane
MitchellGrant,LockePamela
MitchellGrant,CullomRita
MitchellGrant,CulpepperIris
MitchellGrant,JamiesonLilly
MitchellGrant,LoftonJames
MitchellGrant,JayRayquan
MitchellGrant,CulpepperWarren
MitchellGrant,BryantCarol
MitchellGrant,CurtisGlenda
MitchellGrant,LondonBaxter
MitchellLisa,LondonRay
MitchellLisa,LongDanny
MobleyLyle,CurtisMyles
MobleyLyle,LawrenceAmos
MobleyLyle,CulpepperWarren
MobleyLyle,LordsWayne
MobleyLyle,HendersonWillie
MobleyLyle,BryantCarol
"Mobley,Jr.Lester",LoweBrian
"Mobley,Sr.Lester",LowellConrad
MontgomeryDylan,DalyTim
MontgomeryDylan,LucasCalvin
MontgomeryDylan,BenderCarlos
MontgomeryDylan,DavisAaron
MontgomeryDylan,BartonGermal
MooreTerry,DelaneyCarlotta
MorganDon,GliddenDiana
MorisseyGavin,BledsoeDonna
MorlandKate,MaddenEric
MorrisEvan,DelaneyCarlotta
MosleyWillard,BlackRicky
MossEd,MaddoxThelma
MossEd,GeorgeBuster
MossEd,MadisonDennis
MossSophie,BallMarvin
MoweElwood,BallMarvin
MuldoonAlex,DeeBetty
MuldoonJoe,GleesonMatt
MullinsMarv,MadisonSonny
MunsonKaty,MageeGinny
MunsonKaty,AsherJames
MunsonKaty,BecketAlice
MunsonKaty,MadisonSonny
MunsonKaty,ByrneKevin
MunsonKaty,KillianGeorge
MunsonKaty,BensonAndrew
MyersRandy,BoydKatie
MyersRicky,LakinQuincy
NaderChip,ElliottRed
NanceBenny,DerbyTammy
NeelyBrian,DalyCarl
NeelyColin,IvieByron
NelsonFelix,BarretScott
NelsonJenny,ArthurDean
NelsonMamie,HiltonChris
NielsonColleen,GideonMario
NoblesCary,GrantKaren
NorrisClayton,MaguireRaymond
NorrisClayton,MailerLucas
NorthTess,ChampionWes
O'BrienAntoine,AlleynDylan
O'BrienAntoine,LoweBrian
O'BrienJeff,LoweBrian
O'MalleyBilly,FranklinRegina
O'MalleyConor,BarrettAntoine
OneilLinda,MailerMary
OneilLinda,BlodgettLucas
OneilLinda,IvyRenata
OwensAndrew,BaconFrancis
OwensAndrew,BallMelvin
PakulaNan,BeckerMax
PalmerKristy,BarkerQuincy
PalmerTitus,BerkleyCallie
ParkerByron,LaurencePete
ParkerByron,LawrenceAmos
ParkerByron,LordsWayne
ParkerByron,MajorsLeslie
ParkerByron,ManchesterElla
ParkerByron,HendersonWillie
ParkerByron,BryantCarol
ParkerSam,KinnardJeff
ParkerSebastian,LashlyHerb
PattersonJohn,KillianMary
PaulKenneth,DanielsRandy
PaulsonBrenda,CrandallNed
PaulsonBrenda,FieldsWalter
PaulsonBrenda,KiplingRobert
PaulsonBrenda,LeeTwon
PaulsonBrenda,KillianMary
PaulsonLee,AngellDiana
PaulsonRichard,EdwardsKim
PayneJulie,BensonAndrew
PennPoindexter,ManchesterMark
PepinLorraine,BaconFrancis
PerkinsGeorge,MandanGrant
PerkinsNathan,KatzLuella
PerkinsNathan,ButlerKay
PerkinsNathan,HolleyBuster
PerkinsScott,EllisSedge
PerryFrank,HopkinsBurton
PerryJoe,ArmandeBrian
PerryZachariah,DrakeBurton
PetersAdrian,CoxJaimie
PetersBarnabas,CoxJaimie
PetersHypatia,ConwaySamantha
PetersTrish,ManheimMiller
PetersTrish,FaulkDavid
PetersTrish,FaulkSteve
PetersTrish,MansonCortez
PetersTrish,MarcusBradley
PetersTrish,HawkinsDavid
PetersTrish,HayesElla
PetersTrish,MarionJoe
PetersTrish,HayesIris
PfizerAngela,ColeHarry
PhillipsPat,HarriganKieran
PilotBrenda,ArmstrongPearl
PinkertonDaniel,MarkessQueenie
PintaMimi,EasterlyTyrone
Pinza Emilio,DelaneyRoberta
PiperMary,KeysLinda
PippinsJeffrey,MarksLynette
PippinsJeffrey,GorhamBilly
PippinsJeffrey,ElderKerry
PippinsJeffrey,MarshakDarrell
PitneyRoy,KillianMary
PittDonna,ConklinShelley
PlunkettMary,AndrewsAlice
PointerGlenn,BulwerJames
PointerKevin,KillianMarcus
PooleAmbrose,BarrettAntoine
PooleRandy,BendixJerryLee
PooleRosa,AlleynCarolyn
PorterRoscoe,CallieSharon
PotterAntonio,CraigRoger
PottsWesley,GleesonMatt
PowellAnne,GillisJohnson
PowellCyndi,BendixSharon
PowellCyndi,LoweBrian
PowellCyndi,JuddRoger
PowellGeorge,BrassManuel
PowersAdair,GivensSherry
PowersErnest,ChambersGina
PowersGwen,GideonMario
PowersKenrick,FishburnKerry
PrattJames,FergusJoe
PryceAbraham,AndrewsAlice
PurcellGreg,CarpenterLonnie
PurlGreg,MarshakRuby
PushkinJudy,GideonMario
PyleOmar,MarshakWayne
QuaidRyan,CarrollMegan
QuailRodney,EarlChanda
QuillGraham,MartinAlan
QuincyMike,HopkinsBurton
QuinnRodney,DanielsRandy
RamseyBob,CoxJaimie
RandallWilliam,BosticDan
ReddickJohn,BlodgettLucas
ReedKelvin,ConorArthur
ReedKelvin,CooperAndrew
ReeseBelinda,CooperAndrew
ReeseBelinda,GilliganErin
RennerCarl,MartinGeorge
RennerLynette,CandyCarol
RennerLynette,BerberPhilippe
RennerLynette,MartinJerry
ResnickFelix,BradleyCharlie
ResnickFelix,GodfreyRhonda
RevelleErskine,BendixLaToya
RhodesGarrett,BosticDan
RichardsAidan,ElliottRed
"Richardson, Jr.Luke",BrownReggie
RiddleyEric,MartinezAngel
RiddleyEric,MasonAmanda
RiddleyEric,MartinGeorge
RiddleyEric,KetterPercy
RiddleyEric,HarriganKieran
RobbinsKevin,JohnstonJustin
RobbinsTom,BobbseyPenelope
RobbinsTorey,IvieCaldwell
RobertsAntoine,JohnstonJustin
RobertsBuddy,ArmstrongPearl
RobertsJason,ArthurDean
RodriquezSantos,MarshakRuby
RodriquezSantos,BradleyBill
RogersKaren,GorhamStella
RogersKerry,BosticDan
RooseveltDre,GilliganRandy
RooseveltDre,ConorArthur
RosenHenry,FraleyLee
RoushLeyla,GunnersonLyndon
RunyonPaul,JohnstonJustin
RussellErin,LaneBecky
RussellGreg,BlackRuth
RyanLesley,DysonBert
SamuelLyle,GillisJohnson
SamuelLyle,KinneyDiane
SamuelLyle,DysonBert
SamuelLyle,CarterCalvin
SamuelLyle,CarterFreddie
SamuelLyle,CarterRuby
SamuelLyle,BlodgettFaith
SamuelLyle,CarusoMario
SamuelLyle,MasonWillis
SandersonAmy,AdamsCurtis
SandersonKatie,AlleynDylan
SandersonMark,MastersHelen
SandersonMark,BuffetteRachel
SandersonStuart,MastersTom
SandersonStuart,JamesSara
SandersonStuart,MayCharlie
SargentDaniel,McCainMike
SargentDaniel,HendersonGary
SaxeGina,AlleynDylan
SchmitzStella,LoweBrian
SchmitzStella,GarnerMickey
ScottDonal,MageeGinny
ScottJefrey,CoxJaimie
SellersDoris,CoxJaimie
SharifLetitia,EarlChanda
ShawAmanda,HarrisonRobert
ShawMable,ChildersBennett
ShawMelissa,ChildersBennett
ShermanAmos,GibsonTed
ShermanDarwin,BookCharles
ShermanThaddeus,GrantHarry
ShermanThaddeus,JacksonBrendan
SherrodHarry,BlackRicky
ShipleyCarol,FishburnKerry
SilversKerry,BrillKevin
SimmsPorter,McCannEddie
SimmsPorter,McConnellPhyllis
SimmsPorter,ChanningBoris
SimmsPorter,FaustMeg
SimpkinsBrenda,GrantHarry
SimpkinsBrenda,McCannEddie
SimpkinsBrenda,McConnellPhyllis
SimpkinsBrenda,GliddenDiana
SimpkinsBrenda,GormleyAndy
SimpsonAdella,GrantHarry
SimpsonBart,BevinsJohn
SimpsonCarolyn,BrassManuel
SimpsonPetey,McLeodMatt
SinclairJanice,FrasierCalvin
SinclairJanice,JohnstonJustin
SinclairJanice,McLeodMatt
SinclairMarjorie,KinneyDiane
SinclairMartin,KinneyDiane
SlatteryKelvin,BarronPhoebe
SlatteryMaurice,MenardJack
SlatteryMaurice,AngellDiana
SlatteryMaurice,HarteNicki
SlatteryMaurice,MerrickCarter
SlatteryMaurice,CottonJo
SlatteryMaurice,MichaelsHector
SlatteryMaurice,CheathamMaurice
SmallPercy,HolmesMort
SmithAnthony,ManheimMiller
SmithAnthony,MichaelsLisa
SmithArthur,BrillEzekial
SmithJanice,AbramsChad
SmithMichaelThomas,BradleyCharlie
SmithMichaelThomas,MilburnJohn
SmithMichaelThomas,JosephReggie
SmithMichaelThomas,FilmoreDean
SmithMichaelThomas,HoltEddie
SmithMichaelThomas,JuddJulius
SmithMichaelThomas,CarsonBarbi
SmithMichaelThomas,MillerBradford
SmithMichaelThomas,BryantCarol
SmithMichaelThomas,MillerJeff
SmithMichaelThomas,KarstenMae
SmithVictoria,HenleyThaddeus
SmithVictoria,MillerMilo
SmithVictoria,LowellConrad
SmithVictoria,MillerTommy
SmithVictoria,MasonAmanda
SmithVictoria,HenryJoseph
SmithVictoria,HerbertJason
SmithVictoria,MillerWynton
SmithVictoria,Miller Reuben
SmothersFreddie,BecketAlice
SnyderBill,ChampionWes
SnyderJoanie,ChampionWes
SorrellKeith,DwyerBart
SpeckVictoria,BrassManuel
SpencerSeth,MinionMaggie
SpencerSeth,LowellConrad
SpinnerJudy,HerbertJason
SpitzLouis,JeffersonBarbi
SpragueShirley,MintonCorey
SpringerWilliam,MitchellGabrielle
SprintMelody,CrawfordJim
SquiresJames,MitchellGabrielle
SquiresJanet,CollinsMartha
SquiresMark,AlexanderTrina
StackBarbara,BensonAndrew
StanleyMaurice,IlerWilliam
SteeleKurt,CanelliTony
SteeleRaymond,BarkerQuincy
SteinerCatherine,MitchellGrant
SteinerCatherine,BendixSharon
SteinerCatherine,JosephReggie
SteinerCatherine,MitchellLisa
SteinerCatherine,MailerMary
SteinerCatherine,BookCharles
SteinerCatherine,CarsonBarbi
SteinerCatherine,BuschAndrew
SteinerCatherine,MobleyLyle
SteinerCatherine,BryantCarol
SteinerCatherine,JuddRoger
SteinerCatherine,KenneyMarcus
StepneyGladys,AbramsRichard
StevensRico,GreenDora
StevensonChanda,MandanGrant
StevensonMike,GradyAlice
StevensonMike,KeysLinda
StevensonMike,BuffetteRachel
StewartRob,KeysLinda
StithBrendon,GradyAlice
StithCarlton,CollinsRuben
StithDerrick,MitchellGabrielle
StithDerrick,"Mobley,Jr.Lester"
StithDerrick,FrostAlice
StockardSue,KiplingerLisa
StoneRobert,GibbsJulie
StoneSylvia,ChampionWes
StuartGrady,HopkinsJody
SuffolkNicole,GreenMason
SummersLana,ButlerKay
SummersLana,FitzDanny
SummersLana,CarrVirginia
SummersLana,FremontLinda
SummersLana,"Mobley,Sr.Lester"
SummersLana,CollinsAdrienne
SummersLana,KenneyMarcus
SummersLana,FindlayGary
SummersWade,FergusJoe
SwiftMaurice,HopkinsBurton
SwiftMaurice,HopkinsJody
TandyAmos,HooperFrieda
TateCarol,GraftonDon
TateRoger,DicksonCatherine
TattersallAngeline,GliddenStan
TatumAnna,ArthurDean
TatumAnna,EdwardsSeamus
TatumAnna,CavanaughCelia
TatumAnna,GivensSherry
TatumAnna,HemphillBud
TatumAnna,JamesRussell
TatumGrant,GodfreyBrian
TaylorBecky,DalyCelia
TealJames,GunnersonPaul
TealJames,JordanPeter
TerryThomas,GradyCarla
TerryThomas,FarthingRachel
TerryThomas,JordanPeter
ThomasEddie,BrassManuel
ThomasJack,GideonMario
ThomasMarcia,BryantCarol
ThomasReese,McConnellPhyllis
ThomasReese,GormleyAndy
ThomassonLaToya,McCannEddie
ThompsonAndy,ChanningBoris
ThompsonAndy,FaustMeg
ThompsonAndy,GormleyAndy
ThompsonBert,BarkerMarianne
ThompsonTreavor,ChampionWes
ThurmanJohn,DrakeBurton
TillieNigel,GregoryBrant
TiptonJermaine,FraleyLee
TitoBernard,MaddoxThelma
ToddMarilyn,BulwerJames
TooleyDick,GradyRufus
ToomeyBert,HiltonChris
ToomeyBruce,AbelDennis
ToomeyHarry,GunnersonLyndon
ToomeyMartin,MontgomeryDylan
ToomeyMartin,MooreTerry
ToomeyMaurice,ChandlerSusie
TowerMelissa,BerberPhilippe
TraskBenjie,BordersDylan
TravisDavid,GraftonDon
TravusBernie,BlackDarriel
TravusBernie,MorganDon
TravusBernie,BendixJerryLee
TravusBernie,HarrisonAnnie
TrinkausJaimie,MenardJack
TrinkausJaimie,MarshakWayne
TrinkausJaimie,JacksonBrendan
TrotterBarry,LeighCrystal
TrotterBruce,HastingsLynette
TroutBernard,CarlMax
TroutBernard,CarletonBonnie
TroutBernard,MandanGrant
TroutBernard,CarlsonCheryl
TroutBernard,CarlsonSylvester
TroutBernard,CaronMolly
TubmanWillie,AndrewsAlice
TuckerArchie,HumphreyAlex
TuckerPaul,BosticDan
TurnerHenry,HamiltonTerrance
TylerOwen,BlodgettLucas
TylerRachel,AlexanderTrina
ValetRonnell,LaurencePete
ValetRonnell,BryantCarol
VaneseJackie,MorisseyGavin
VaneseJackie,BryantCarol
VestHiroko,BendixMichelle
VestHiroko,BryantCarol
VestIrma,BryantCarol
VestIrwin,MorlandKate
VestIrwin,BryantCarol
VestMiko,BecketAlice
VestMiko,KingMalcolm
VickersLester,FishburnKerry
VickersYolanda,ArcherThora
VilaCarlson,AlleynDylan
VincennesDaisy,MageeGinny
VincennesDaisy,AsherJames
VincentColin,JamesRicardo
VincentKenneth,BenderCarlos
WallabyBrenda,ChanningCarter
WallaceSharon,BrownGladys
WaltersJoe,FieldsWalter
WaltersJoe,ConklinShelley
WaltersJoe,LeeTwon
WaltersJoe,MorrisEvan
WaltersJoe,LakinQuincy
WashingtonCraig,MorrisEvan
WeaverOtis,EvansJay
WeaverPriscilla,EvansJay
WebbMike,CusackJill
WebbPatty,HooperFrieda
WebbPatty,HopkinsBurton
WebsterKen,HooperFrieda
WestRoger,BarrettAntoine
WesterlyKevin,BeckerMax
WethersMorrie,MontgomeryDylan
WethersMorrie,HewittCarl
WethersMorrie,MooreTerry
WethersMorrie,HumphreyJack
WethersMorrie,BernardoBill
WethersMorrie,BilkoAlison
WethersMorrie,BillingsleyTerry
WhartonKelvin,CraigRoger
WhiteAndrew,MosleyWillard
WhiteAngie,MasonWillis
WhiteGeorge,"Mobley,Sr.Lester"
WhiteMort,BulwerJames
WhitesideAlbert,ArmstrongPearl
WhittakerRon,DemarcoWillie
WidenerMelvin,McConnellPhyllis
WilborneEzra,AndrewsSally
WilburDean,BurnsDarian
WilcoxDevon,DalyTim
WilkinsBrenda,HartJared
WilkinsBrenda,GreyCortez
WilkinsBrenda,CheathamMaurice
WilliamsCalvin,GreyCortez
WilliamsRoosevelt,EaganLowell
WilliamsRoosevelt,FlowersSteve
WilliamsRoosevelt,MossEd
WilliamsRoosevelt,BryantCarol
WilliamsRoosevelt,MossSophie
WilliamsSherman,GuntherMatt
WilliamsSherman,BuffetteRachel
WilliamsSherman,BartelsAmy
WilliamsSherman,MoweElwood
WilliamsonBradford,HoldenEric
WillisBryan,ColeHarry
WillisJenny,MastersTom
WillisJenny,McCainMike
WillisJenny,MintonCorey
WillisJenny,MuldoonAlex
WillisJenny,GorhamStella
WillisJenny,MailerLucas
WillisJenny,LivingstonMary
WillisJenny,MillerTommy
WillisJenny,JamesSara
WillisJenny,CarlsonJames
WillisJenny,HendersonSam
WillisJenny,CourtlandGreg
WillisJenny,BartonGermal
WillisJenny,MuldoonJoe
WillisJenny,MullinsMarv
WillisJenny,HayesElla
WillisJenny,MunsonKaty
WillisJenny,MarkessQueenie
WillisJenny,MyersRandy
WillisJenny,MyersRicky
WillisJenny,JeffersonArnold
WillisJenny,MayCharlie
WillisJenny,CheathamMaurice
WillisJenny,JonesHarris
WillisJenny,FensterOscar
WilsonLuke,ChampionWes
WilsonMac,FarthingRachel
WinfreyAlice,LockePamela
WinfreyAlice,ManchesterMark
WinfreyAlice,CramerNancy
WinklerRonald,MarshakDarrell
WittNorma,AndrewsAlice
WolffRodney,GregoryBrant
WolffRodney,MichaelsHector
WoodsBlair,BuffetteRachel
WorthTyrone,DrakeBurton
WriggleyHal,ComptonDennis
WrightAndrew,JamesRussell
YardlyNigel,GliddenStan
YatesAugust,FletcherTom
YorkBrant,GliddenHoppy
ParkerPete,FraleyLee
