"Software Engineer",316
"Data Scientist",316
"Machine Learning Engineer",316
"Data Engineer",316
"Engineer",315
"Manager",315
"Data Analyst",315
"Associate",314
"Analyst",313
"Data Architect",312
"Research Scientist",312
"Research Engineer",312
"Analytics Engineer",312
"Data Specialist",311
"Developer",310
"Consultant",310
"Business Intelligence",310
"Research Analyst",310
"Software Developer",310
"Data Manager",309
"Cloud Engineer",309
"AI Engineer",309
"Product Manager",309
"BI Developer",308
"Business Analyst",308
"Business Intelligence Analyst",307
"Business Intelligence Developer",307
"Data Management Analyst",307
"Business Intelligence Engineer",307
"AI Developer",307
"Systems Engineer",305
"Data Lead",304
"Data Management Specialist",303
"DevOps Engineer",303
"Data Product Manager",303
"Data Quality Analyst",302
"BI Analyst",302
"Architect",301
"Data Governance Analyst",300
"Software Development Engineer",300
"Data Analytics Manager",299
"Data Governance",299
"Solutions Engineer",299
"Head of Data",298
"Machine Learning Scientist",298
"Research Associate",297
"Full Stack Engineer",297
"Solutions Architect",297
"MLOps Engineer",296
"Applied Scientist",296
"Data Operations Engineer",295
"Solution Architect",295
"Site Reliability Engineer",295
"Data Operations Analyst",294
"Data Governance Specialist",294
"Product Analyst",294
"Data Modeler",294
"Technical Lead",294
"Quantitative Analyst",294
"Full Stack Developer",293
"Data Developer",293
"Decision Scientist",293
"Platform Engineer",293
"Backend Engineer",293
"Computer Vision Engineer",292
"Data Strategist",291
"Data Product Owner",291
"Robotics Engineer",290
"Statistical Programmer",289
"Data Governance Lead",289
"Power BI Developer",288
"Data Integration Specialist",288
"Python Developer",287
"Statistician",287
"Data Analytics Lead",287
"Data Visualization Engineer",287
"BI Engineer",286
"Data Infrastructure Engineer",286
"Insight Analyst",286
"AI Scientist",286
"AI Architect",286
"Data Visualization Specialist",283
"Data Integration Engineer",283
"QA Engineer",283
"AI Specialist",283
"Engineering Manager",282
"Analytics Specialist",281
"Bioinformatics Scientist",281
"Machine Learning Researcher",281
"Machine Learning Developer",281
"Prompt Engineer",281
"AI Researcher",278
"Data Analytics Specialist",277
"Data Quality Engineer",276
"Data Analytics Consultant",275
"Computational Biologist",275
"Data Reporting Analyst",273
"Data Visualization Analyst",273
"ETL Developer",271
"Member of Technical Staff",271
"Product Designer",271
"Analytics Lead",270
"Cloud Database Engineer",269
"Machine Learning Infrastructure Engineer",269
"Data Governance Manager",267
"Business Intelligence Lead",267
"Data Operations Manager",267
"Data Management Lead",266
"Security Engineer",266
"Account Executive",265
"Quantitative Researcher",265
"Data Visualization Developer",264
"Data Operations Specialist",262
"Product Owner",262
"Lead Analyst",261
"Business Intelligence Manager",258
"Data Platform Engineer",257
"Bioinformatician",257
"Business Intelligence Specialist",257
"Business Data Analyst",256
"Data Quality Specialist",256
"System Engineer",254
"Lead Engineer",254
"Artificial Intelligence Engineer",253
"Software Architect",253
"Research Assistant",252
"NLP Engineer",250
"Principal Statistical Programmer",250
"Data Quality Lead",249
"Technical Writer",249
"Data Integration Analyst",248
"Machine Learning Specialist",246
"Data Team Lead",246
"Cloud Database Administrator",245
"Enterprise Account Executive",245
"Fullstack Engineer",244
"Postdoctoral Fellow",240
"Data Operations Associate",239
"Data and Reporting Analyst",238
"Application Developer",238
"AI Product Manager",238
"BI Data Analyst",237
"Infrastructure Engineer",237
"Data Quality Manager",236
"Machine Learning Manager",236
"AI Product Owner",235
"Tech Lead",235
"Machine Learning Architect",234
"Data Integrity Analyst",231
"AI Software Engineer",231
"Master Data Management",231
"Data Integration Developer",229
"Data Integrator",228
"AI Lead",228
"Machine Learning Software Engineer",228
"Robotics Software Engineer",226
"Data Strategy Lead",226
"Data Governance Engineer",224
"Data Operations",223
"Applied Data Scientist",223
"Head of AI",223
"AI Programmer",222
"Applied Machine Learning Scientist",222
"Postdoctoral Researcher",221
"Actuarial Analyst",220
"ETL Engineer",220
"Lead Data Scientist",220
"Executive",220
"Data Management Associate",218
"Risk Analyst",218
"Big Data Engineer",217
"Data Management Consultant",217
"Algorithm Developer",217
"Quantitative Developer",217
"Product Specialist",216
"Encounter Data Management Professional",215
"ML Infrastructure Engineer",215
"DataOps Engineer",214
"Principal Data Scientist",214
"Deep Learning Engineer",213
"Pricing Analyst",212
"Security Researcher",211
"Data Analytics Developer",209
"AI Solution Architect",209
"Developer Advocate",208
"Power BI",207
"Machine Learning Quality Engineer",207
"Lead Data Engineer",207
"Big Data Developer",206
"Bear Robotics",206
"Principal Researcher",205
"Data Strategy Manager",204
"Computational Scientist",203
"Sales Development Representative",201
"Cloud Data Engineer",201
"Data and Reporting Professional",200
"Data Reporter",198
"AI Data Scientist",197
"Director of Machine Learning",197
"AI Research Scientist",196
"Machine Learning Platform Engineer",196
"Data Integrity Specialist",194
"Machine Learning Lead",193
"Principal Software Architect",193
"Frontend Engineer",192
"Chatbot Developer",190
"Data Management Manager",187
"Lead Machine Learning Engineer",186
"Machine Learning Modeler",186
"Product Data Analyst",185
"Power BI Expert",185
"Admin & Data Analyst",183
"Data Analytics Associate",183
"Head of Machine Learning",183
"Data Analytics Engineer",182
"Stage",182
"Data Operations Lead",182
"Computer Vision Software Engineer",178
"Lead Data Analysis",178
"Financial Data Analyst",176
"Java Developer",174
"Lead Data Analyst",173
"Data Scientist Lead",173
"Power BI Administrator",173
"AI Research Engineer",173
"Head of Business Intelligence",171
"AI Machine Learning Engineer",168
"Staff Data Scientist",167
"Power BI Architect",164
"Database Administrator",164
"Data Pipeline Engineer",164
"Machine Learning Research Engineer",160
"Applied Machine Learning Engineer",160
"Consultant Data Engineer",159
"AI Governance Lead",159
"Elasticsearch Administrator",157
"Technology Integrator",157
"Principal Data Engineer",157
"Power BI Consultant",156
"Data Analytics Team Lead",156
"Principal Data Analyst",155
"Principal Machine Learning Engineer",154
"Tableau Developer",152
"Software Data Engineer",152
"AI Data Engineer",151
"Marketing Analyst",151
"Autonomous Vehicle Technician",151
"Marketing Data Analyst",150
"Director of Business Intelligence",150
"Data Reporting Specialist",149
"Backend Software Engineer",146
"Solution Engineer",146
"Marketing Science Partner",146
"Scala Spark Developer",145
"SAS Developer",144
"Power BI Specialist",143
"Data Governance Architect",143
"Copywriter",142
"Big Data Architect",141
"Staff Data Analyst",141
"Marketing Analytics Manager",140
"GenAI Architect",140
"Technical Specialist",140
"Cloud Developer",139
"Data Product Analyst",137
"Master Data Specialist",135
"Machine Learning Model Engineer",135
"Business Intelligence Consultant",134
"Machine Vision Engineer",133
"Lead Data Management",133
"Machine Learning Performance Engineer",133
"Data DevOps Engineer",131
"Backend Developer",128
"Azure Data Engineer",128
"Safety Data Management Specialist",128
"Principal Application Delivery Consultant",125
"Data Visualization Expert",124
"Databricks Engineer",122
"Manager Data Management",120
"Machine Learning Tech Lead",120
"Business Intelligence Data Analyst",118
"Data Analyst Lead",116
"Business Insights Manager",114
"Deep Learning Researcher",113
"AI Engineering Manager",112
"Controls Engineer",110
"Marketing Data Scientist",110
"Business Development Representative",109
"Data Scientist Manager",109
"Business Development Manager",105
"Big Data Analyst",105
"Data Integration Coordinator",102
"Staff Machine Learning Engineer",99
"Data Scientist Associate",97
"Lead AI Engineer",97
"Finance Data Analyst",96
"Compliance Data Analyst",94
"Data Management Coordinator",87
"Cloud Data Architect",87
"BI Data Engineer",86
"Customer Success Manager",86
"Sales Data Analyst",86
"Research Data Manager",86
"Applied Research Scientist",77
"Marketing Data Engineer",76
"Applied AI ML Lead",76
"AWS Data Architect",71
"Clinical Data Operator",52
"Quantitative Research Analyst",49
"CRM Data Analyst",45
"Platform Data Engineer",45
"People Data Analyst",35
"Data Science Tech Lead",27
"Principal Data Architect",22
"Analytics Engineering Manager",18
"Analytics Analyst",15
"AI Software Development Engineer",15
